"Province","Health Facility","Period","1st ANC visit","Clients elegible for HIV test at 1st ANC","1st ANC clients tested for HIV","Total HIV+ clients at ANC","Known HIV+ at entry","New HIV-positive clients","Initiated on ART","% of pregnant women tested for HIV (Facility)","Positivity at ANC","PMTCT ART Coverage","PMTCT_STAT_POS_ALL","Exposed children","New children exposed to HIV at CCR <2","New children exposed to HIV at CCR 2 - 12","New children exposed to HIV at CCR 12 - 18","1st PCR collected","1st PCR collected (<2 Months)","1st PCR collected (2-12 Months)","1st PCR collected (12-18 Months)","New HIV+ infants","New HIV+ infants < 2 month","New HIV+ infants 2 - 12 month","New HIV+ infants (0-12 Months)","New HIV+ infants (12-18 Months)","New HIV+ infants initiated ART","New HIV+ infants initiated ART < 2 month","New HIV+ infants initiated ART 2 - 12 month","New HIV+ infants initiated ART 12 - 18 month","coverage PMTCT_EID","PCR Coverage","coverage PMTCT_EID <2 months","coverage PMTCT_EID 2-12 months","coverage PMTCT_EID 12-18 months","Positivity","Positivity < 2 month","MFR v2 | Number of children tested HIV positive | PCR < 2 month","MFR v2 | Infants tested for HIV | PCR < 2 month","Positivity 2 - 12 month","MFR v2 | Number of children tested HIV positive | PCR 2 - 12 month","MFR v2 | Infants tested for HIV | PCR 2 - 12 month","Positivity 12 - 18 month","FSS v2 | New HIV positive children (PCR test) | Moz 12 - 18","FSS v2 | 1st PCR performed | Moz 12 - 18","PMTCT_HEI_POS_ART Coverage","PMTCT_HEI_POS_ART Coverage < 2 month","PMTCT_HEI_POS_ART Coverage 2 - 12 month","PMTCT_HEI_POS_ART Coverage 12 - 18 month","New HIV+ women at ANC","New HIV+ women started ART at CRC","Number of women who collected VL test at ANC","Number of women who collected VL test at CRC","Number of women with VL result at ANC","Number of women with VL result at CRC","Number of women with suppressed VL at ANC","Number of women with suppressed VL at CRC","Number of new children enrolled in ART","Number of children being followed up on ART","Number of children who took VL test","Number of children with VL result","Number of children with suppressed VL","Numerador_FSS_ANC","Denominador_MFR_ANC","Linkage at ANC","Numerador_FSS_CCR","Denominador_MFR_CCR","Linkage at CCR","% of women with VL result at ANC","% of women with VL result at CRC","% of women with suppressed VL at ANC","% of women with suppressed VL at CRC","% of children with VL result","% of children with suppressed VL"
"Cabo Delgado","Chiure CS","2025Q1",1569,1479,1479,134,90,44,43,1,0.0297498309668695,0.977272727272727,52,144,134,10,0,146,134,10,2,5,1,3,4,1,4,1,3,0,2.80769230769231,1.01388888888889,2.57692307692308,0.192307692307692,0.0384615384615385,0.0342465753424658,0.00746268656716418,1,134,0.3,3,10,0.5,1,2,0.8,1,1,0,134,9,103,245,83,186,69,169,17,893,69,75,49,134,134,1,9,9,1,0.805825242718447,0.759183673469388,0.831325301204819,0.908602150537634,1.08695652173913,0.653333333333333
"Cabo Delgado","Chiure CS","2025Q2",2325,2199,2199,161,126,35,37,1,0.0159163256025466,1.05714285714286,39,133,131,2,0,147,145,2,0,2,2,0,2,0,1,1,0,0,3.76923076923077,1.10526315789474,3.71794871794872,0.0512820512820513,0,0.0136054421768707,0.0137931034482759,2,145,0,0,2,0,0,0,0.5,0.5,0,0,146,4,149,200,98,186,78,182,16,887,85,47,30,146,162,0.901234567901235,4,5,0.8,0.657718120805369,0.93,0.795918367346939,0.978494623655914,0.552941176470588,0.638297872340426
"Cabo Delgado","Chiure CS","2025Q3",1848,1717,1717,161,131,30,31,1,0.017472335468841,1.03333333333333,39,181,155,25,1,180,155,25,0,3,1,2,3,0,3,1,2,0,4.61538461538461,0.994475138121547,3.97435897435897,0.641025641025641,0,0.0166666666666667,0.00645161290322581,1,155,0.08,2,25,0,0,0,1,1,1,0,162,8,143,288,105,210,99,196,17,862,80,78,52,162,162,1,8,8,1,0.734265734265734,0.729166666666667,0.942857142857143,0.933333333333333,0.975,0.666666666666667
"Cabo Delgado","Chiure CS","2025Q4",1690,1570,1570,138,120,18,18,1,0.0114649681528662,1,23,133,117,14,2,133,117,14,2,5,1,3,4,1,5,1,3,1,5.78260869565217,1,5.08695652173913,0.608695652173913,0.0869565217391304,0.037593984962406,0.00854700854700855,1,117,0.214285714285714,3,14,0.5,1,2,1,1,1,1,138,5,181,274,123,257,117,241,16,841,86,72,52,138,138,1,5,5,1,0.679558011049724,0.937956204379562,0.951219512195122,0.937743190661479,0.837209302325581,0.722222222222222
"Cabo Delgado","Eduardo Mondlane CS","2025Q1",810,774,774,56,36,20,20,1,0.0258397932816537,1,21,53,49,4,0,50,46,4,0,0,0,0,0,0,0,0,0,0,2.38095238095238,0.943396226415094,2.19047619047619,0.19047619047619,0,0,0,0,46,0,0,4,0,0,0,0,0,0,0,56,1,45,121,49,111,45,102,1,358,18,18,14,56,56,1,1,1,1,1.08888888888889,0.917355371900826,0.918367346938776,0.918918918918919,1,0.777777777777778
"Cabo Delgado","Eduardo Mondlane CS","2025Q2",751,707,707,60,44,16,16,1,0.0226308345120226,1,17,40,39,1,0,44,43,1,0,0,0,0,0,0,0,0,0,0,2.58823529411765,1.1,2.52941176470588,0.0588235294117647,0,0,0,0,43,0,0,1,0,0,0,0,0,0,0,59,1,46,104,42,98,31,76,4,479,29,14,12,59,60,0.983333333333333,1,1,1,0.91304347826087,0.942307692307692,0.738095238095238,0.775510204081633,0.482758620689655,0.857142857142857
"Cabo Delgado","Eduardo Mondlane CS","2025Q3",740,703,703,50,37,13,13,1,0.0184921763869132,1,16,55,49,6,0,56,51,5,0,2,0,2,2,0,2,0,2,0,3.5,1.01818181818182,3.1875,0.3125,0,0.0357142857142857,0,0,51,0.4,2,5,0,0,0,1,0,1,0,50,3,42,120,40,91,34,80,12,358,36,22,20,50,50,1,3,3,1,0.952380952380952,0.758333333333333,0.85,0.879120879120879,0.611111111111111,0.909090909090909
"Cabo Delgado","Eduardo Mondlane CS","2025Q4",703,651,651,61,52,9,9,1,0.0138248847926267,1,10,43,42,1,0,42,41,1,0,0,0,0,0,0,0,0,0,0,4.2,0.976744186046512,4.1,0.1,0,0,0,0,41,0,0,1,0,0,0,0,0,0,0,59,0,60,120,51,97,47,84,2,296,26,25,23,59,61,0.967213114754098,0,0,0,0.85,0.808333333333333,0.92156862745098,0.865979381443299,0.961538461538462,0.92
"Cabo Delgado","Metuge CS","2025Q1",310,283,283,30,27,3,3,1,0.0106007067137809,1,5,30,27,3,0,30,27,3,0,2,2,0,2,0,2,2,0,0,6,1,5.4,0.6,0,0.0666666666666667,0.0740740740740741,2,27,0,0,3,0,0,0,1,1,0,0,29,0,24,25,12,21,9,15,2,78,4,8,7,29,16,1.8125,0,0,0,0.5,0.84,0.75,0.714285714285714,2,0.875
"Cabo Delgado","Metuge CS","2025Q2",238,216,216,32,22,10,9,1,0.0462962962962963,0.9,10,26,26,0,0,38,26,12,0,2,2,0,2,0,2,2,0,0,3.8,1.46153846153846,2.6,1.2,0,0.0526315789473684,0.0769230769230769,2,26,0,0,12,0,0,0,1,1,0,0,31,0,22,61,8,10,7,4,5,73,8,3,1,31,32,0.96875,0,0,0,0.363636363636364,0.163934426229508,0.875,0.4,0.375,0.333333333333333
"Cabo Delgado","Metuge CS","2025Q3",231,215,215,23,16,7,7,1,0.0325581395348837,1,9,31,24,1,6,32,24,2,6,1,0,1,1,0,1,0,1,0,3.55555555555556,1.03225806451613,2.66666666666667,0.222222222222222,0.666666666666667,0.03125,0,0,24,0.5,1,2,0,0,6,1,0,1,0,24,0,15,27,19,39,15,27,2,115,6,13,11,24,23,1.04347826086957,0,0,0,1.26666666666667,1.44444444444444,0.789473684210526,0.692307692307692,2.16666666666667,0.846153846153846
"Cabo Delgado","Metuge CS","2025Q4",262,245,245,21,17,4,4,1,0.0163265306122449,1,14,27,21,5,1,28,23,4,1,1,1,0,1,0,1,1,0,0,2,1.03703703703704,1.64285714285714,0.285714285714286,0.0714285714285714,0.0357142857142857,0.0434782608695652,1,23,0,0,4,0,0,1,1,1,0,0,21,2,17,80,24,47,20,33,4,148,22,13,9,21,21,1,2,2,1,1.41176470588235,0.5875,0.833333333333333,0.702127659574468,0.590909090909091,0.692307692307692
"Cabo Delgado","Natite CS","2025Q1",789,747,747,54,42,12,12,1,0.0160642570281124,1,12,30,30,0,0,30,30,0,0,1,1,0,1,0,1,1,0,0,2.5,1,2.5,0,0,0.0333333333333333,0.0333333333333333,1,30,0,0,0,0,0,0,1,1,0,0,53,0,63,120,46,107,35,99,6,358,30,14,13,53,54,0.981481481481482,0,0,0,0.73015873015873,0.891666666666667,0.760869565217391,0.925233644859813,0.466666666666667,0.928571428571429
"Cabo Delgado","Natite CS","2025Q2",888,851,851,46,37,9,9,1,0.0105757931844888,1,10,36,35,1,0,36,36,0,0,0,0,0,0,0,0,0,0,0,3.6,1,3.6,0,0,0,0,0,36,0,0,0,0,0,0,0,0,0,0,45,1,61,96,36,84,29,78,4,362,26,23,23,45,46,0.978260869565217,1,1,1,0.590163934426229,0.875,0.805555555555556,0.928571428571429,0.884615384615385,1
"Cabo Delgado","Natite CS","2025Q3",698,660,660,43,38,5,7,1,0.00757575757575758,1.4,7,48,47,1,0,48,47,1,0,2,2,0,2,0,2,2,0,0,6.85714285714286,1,6.71428571428571,0.142857142857143,0,0.0416666666666667,0.0425531914893617,2,47,0,0,1,0,0,0,1,1,0,0,47,2,69,107,51,84,40,77,6,332,45,27,25,47,45,1.04444444444444,2,2,1,0.739130434782609,0.785046728971963,0.784313725490196,0.916666666666667,0.6,0.925925925925926
"Cabo Delgado","Natite CS","2025Q4",600,558,558,50,42,8,8,1,0.014336917562724,1,9,46,45,1,0,46,46,0,0,0,0,0,0,0,0,0,0,0,5.11111111111111,1,5.11111111111111,0,0,0,0,0,46,0,0,0,0,0,0,0,0,0,0,49,0,60,109,44,84,38,74,2,330,21,34,29,49,50,0.98,0,0,0,0.733333333333333,0.770642201834862,0.863636363636364,0.880952380952381,1.61904761904762,0.852941176470588
"Maputo","Matola II CS","2025Q1",698,619,619,105,79,26,26,1,0.0420032310177706,1,28,70,70,0,0,70,70,0,0,0,0,0,0,0,0,0,0,0,2.5,1,2.5,0,0,0,0,0,70,0,0,0,0,0,0,0,0,0,0,105,2,85,57,79,59,77,53,2,276,33,30,29,105,105,1,2,0,0,0.929411764705882,1.03508771929825,0.974683544303797,0.898305084745763,0.909090909090909,0.966666666666667
"Maputo","Matola II CS","2025Q2",779,693,693,112,86,26,26,1,0.0375180375180375,1,28,104,101,3,0,104,101,3,0,0,0,0,0,0,0,0,0,0,3.71428571428571,1,3.60714285714286,0.107142857142857,0,0,0,0,101,0,0,3,0,0,0,0,0,0,0,108,2,65,99,54,70,42,66,2,259,15,13,10,108,112,0.964285714285714,2,2,1,0.830769230769231,0.707070707070707,0.777777777777778,0.942857142857143,0.866666666666667,0.769230769230769
"Maputo","Matola II CS","2025Q3",795,710,710,110,85,25,25,1,0.0352112676056338,1,26,108,106,2,0,106,106,0,0,1,1,0,1,0,1,1,0,0,4.07692307692308,0.981481481481482,4.07692307692308,0,0,0.00943396226415094,0.00943396226415094,1,106,0,0,0,0,0,0,1,1,0,0,112,0,103,91,98,138,92,127,4,246,16,16,13,112,110,1.01818181818182,0,0,0,0.951456310679612,1.51648351648352,0.938775510204082,0.920289855072464,1,0.8125
"Maputo","Matola II CS","2025Q4",554,496,496,72,58,14,14,1,0.0282258064516129,1,14,59,59,0,0,59,59,0,0,0,0,0,0,0,0,0,0,0,4.21428571428571,1,4.21428571428571,0,0,0,0,0,59,0,0,0,0,0,0,0,0,0,0,72,0,47,95,58,62,52,44,5,162,9,11,3,72,72,1,0,0,0,1.23404255319149,0.652631578947368,0.896551724137931,0.709677419354839,1.22222222222222,0.272727272727273
"Nampula","1 de Maio CSURB","2025Q1",989,904,904,111,85,26,26,1,0.0287610619469027,1,30,122,110,12,0,124,110,14,0,9,3,6,9,0,9,3,6,0,4.13333333333333,1.01639344262295,3.66666666666667,0.466666666666667,0,0.0725806451612903,0.0272727272727273,3,110,0.428571428571429,6,14,0,0,0,1,1,1,0,111,0,26,114,58,53,52,48,20,848,24,18,17,111,111,1,0,9,0,2.23076923076923,0.464912280701754,0.896551724137931,0.905660377358491,0.75,0.944444444444444
"Nampula","1 de Maio CSURB","2025Q2",1452,1350,1350,145,102,43,43,1,0.0318518518518519,1,44,137,131,6,0,137,131,6,0,3,2,1,3,0,3,2,1,0,3.11363636363636,1,2.97727272727273,0.136363636363636,0,0.0218978102189781,0.0152671755725191,2,131,0.166666666666667,1,6,0,0,0,1,1,1,0,123,0,40,45,67,33,63,33,37,982,19,21,21,123,145,0.848275862068966,0,1,0,1.675,0.733333333333333,0.940298507462687,1,1.10526315789474,1
"Nampula","1 de Maio CSURB","2025Q3",1775,1649,1649,169,126,43,43,1,0.0260764099454215,1,49,138,131,7,0,141,131,8,2,6,2,2,4,2,6,2,2,2,2.87755102040816,1.02173913043478,2.6734693877551,0.163265306122449,0.0408163265306122,0.0425531914893617,0.0152671755725191,2,131,0.25,2,8,1,2,2,1,1,1,1,171,3,27,144,74,198,68,190,14,950,42,89,82,171,169,1.01183431952663,3,5,0.6,2.74074074074074,1.375,0.918918918918919,0.95959595959596,2.11904761904762,0.921348314606742
"Nampula","1 de Maio CSURB","2025Q4",1549,1457,1457,118,92,26,26,1,0.0178448867536033,1,32,143,125,17,1,144,125,18,1,5,1,4,5,0,5,1,4,0,4.5,1.00699300699301,3.90625,0.5625,0.03125,0.0347222222222222,0.008,1,125,0.222222222222222,4,18,0,0,1,1,1,1,0,119,0,15,92,70,87,68,84,18,825,31,69,64,119,118,1.00847457627119,0,6,0,4.66666666666667,0.945652173913043,0.971428571428571,0.96551724137931,2.2258064516129,0.927536231884058
"Nampula","25 de Setembro CS II","2025Q1",1496,1384,1384,164,112,52,52,1,0.0375722543352601,1,57,152,142,10,0,157,146,11,0,5,2,3,5,0,5,2,3,0,2.75438596491228,1.03289473684211,2.56140350877193,0.192982456140351,0,0.0318471337579618,0.0136986301369863,2,146,0.272727272727273,3,11,0,0,0,1,1,1,0,158,0,23,384,97,404,91,375,12,1032,53,65,61,158,164,0.963414634146341,0,3,0,4.21739130434783,1.05208333333333,0.938144329896907,0.928217821782178,1.22641509433962,0.938461538461538
"Nampula","25 de Setembro CS II","2025Q2",1822,1697,1697,191,125,66,66,1,0.0388921626399529,1,75,156,135,20,1,162,140,21,1,12,7,5,12,0,12,7,5,0,2.16,1.03846153846154,1.86666666666667,0.28,0.0133333333333333,0.0740740740740741,0.05,7,140,0.238095238095238,5,21,0,0,1,1,1,1,0,138,4,22,448,70,436,62,396,20,1065,32,74,64,138,191,0.722513089005236,4,9,0.444444444444444,3.18181818181818,0.973214285714286,0.885714285714286,0.908256880733945,2.3125,0.864864864864865
"Nampula","25 de Setembro CS II","2025Q3",2179,2020,2020,200,159,41,41,1,0.0202970297029703,1,53,196,171,25,0,198,173,25,0,3,0,3,3,0,3,0,3,0,3.73584905660377,1.01020408163265,3.26415094339623,0.471698113207547,0,0.0151515151515152,0,0,173,0.12,3,25,0,0,0,1,0,1,0,194,10,65,453,137,431,127,405,20,1001,71,79,69,194,200,0.97,10,10,1,2.10769230769231,0.951434878587196,0.927007299270073,0.939675174013921,1.11267605633803,0.873417721518987
"Nampula","25 de Setembro CS II","2025Q4",2057,1924,1924,177,133,44,44,1,0.0228690228690229,1,52,183,168,14,1,187,172,14,1,7,5,1,6,1,5,3,1,1,3.59615384615385,1.02185792349727,3.30769230769231,0.269230769230769,0.0192307692307692,0.0374331550802139,0.0290697674418605,5,172,0.0714285714285714,1,14,1,1,1,0.714285714285714,0.6,1,1,175,6,65,402,122,364,115,341,13,1007,92,86,78,175,177,0.988700564971751,6,8,0.75,1.87692307692308,0.90547263681592,0.942622950819672,0.936813186813187,0.934782608695652,0.906976744186046
"Nampula","Akumi CS","2025Q1",732,664,664,90,68,22,22,1,0.0331325301204819,1,22,61,55,6,0,63,55,8,0,4,2,2,4,0,4,2,2,0,2.86363636363636,1.0327868852459,2.5,0.363636363636364,0,0.0634920634920635,0.0363636363636364,2,55,0.25,2,8,0,0,0,1,1,1,0,89,0,90,92,86,72,83,69,11,483,46,20,19,89,91,0.978021978021978,0,0,0,0.955555555555556,0.782608695652174,0.965116279069767,0.958333333333333,0.434782608695652,0.95
"Nampula","Akumi CS","2025Q2",611,548,548,89,63,26,26,1,0.0474452554744526,1,27,46,44,2,0,54,51,3,0,1,0,1,1,0,1,0,1,0,2,1.17391304347826,1.88888888888889,0.111111111111111,0,0.0185185185185185,0,0,51,0.333333333333333,1,3,0,0,0,1,0,1,0,71,0,73,86,78,81,73,77,11,490,29,20,20,71,89,0.797752808988764,0,1,0,1.06849315068493,0.941860465116279,0.935897435897436,0.950617283950617,0.689655172413793,1
"Nampula","Akumi CS","2025Q3",955,901,901,76,54,22,22,1,0.0244173140954495,1,23,82,80,2,0,82,80,2,0,0,0,0,0,0,0,0,0,0,3.56521739130435,1,3.47826086956522,0.0869565217391304,0,0,0,0,80,0,0,2,0,0,0,0,0,0,0,75,0,91,123,62,119,58,114,6,475,34,30,27,75,76,0.986842105263158,0,1,0,0.681318681318681,0.967479674796748,0.935483870967742,0.957983193277311,0.882352941176471,0.9
"Nampula","Akumi CS","2025Q4",925,889,889,48,36,12,12,1,0.0134983127109111,1,12,70,69,1,0,70,69,1,0,2,2,0,2,0,2,2,0,0,5.83333333333333,1,5.75,0.0833333333333333,0,0.0285714285714286,0.0289855072463768,2,69,0,0,1,0,0,0,1,1,0,0,45,0,55,148,39,129,37,124,14,424,28,23,22,45,48,0.9375,0,0,0,0.709090909090909,0.871621621621622,0.948717948717949,0.961240310077519,0.821428571428571,0.956521739130435
"Nampula","Alua CS I","2025Q1",1451,1347,1347,124,104,20,20,1,0.0148478099480327,1,23,103,97,6,0,103,97,6,0,0,0,0,0,0,0,0,0,0,4.47826086956522,1,4.21739130434783,0.260869565217391,0,0,0,0,97,0,0,6,0,0,0,0,0,0,0,124,2,128,64,110,62,108,56,3,479,31,26,23,124,124,1,2,3,0.666666666666667,0.859375,0.96875,0.981818181818182,0.903225806451613,0.838709677419355,0.884615384615385
"Nampula","Alua CS I","2025Q2",796,774,774,23,22,1,1,1,0.00129198966408269,1,2,52,21,31,0,52,21,31,0,2,0,2,2,0,2,0,2,0,26,1,10.5,15.5,0,0.0384615384615385,0,0,21,0.0645161290322581,2,31,0,0,0,1,0,1,0,23,1,15,19,24,8,24,6,4,182,4,4,2,23,23,1,1,1,1,1.6,0.421052631578947,1,0.75,1,0.5
"Nampula","Alua CS I","2025Q3",2043,1953,1953,104,90,14,14,1,0.00716845878136201,1,25,132,67,65,0,132,67,65,0,4,0,4,4,0,3,0,3,0,5.28,1,2.68,2.6,0,0.0303030303030303,0,0,67,0.0615384615384615,4,65,0,0,0,0.75,0,0.75,0,104,10,100,59,37,4,32,4,11,418,22,12,5,104,104,1,10,11,0.909090909090909,0.37,0.0677966101694915,0.864864864864865,1,0.545454545454545,0.416666666666667
"Nampula","Alua CS I","2025Q4",1776,1671,1671,119,105,14,14,1,0.00837821663674446,1,18,110,91,19,0,109,91,18,0,4,2,2,4,0,4,2,2,0,6.05555555555556,0.990909090909091,5.05555555555556,1,0,0.036697247706422,0.021978021978022,2,91,0.111111111111111,2,18,0,0,0,1,1,1,0,119,4,105,123,40,73,36,69,13,495,54,26,11,119,119,1,4,4,1,0.380952380952381,0.59349593495935,0.9,0.945205479452055,0.481481481481481,0.423076923076923
"Nampula","Angoche HR","2025Q1",866,803,803,85,63,22,22,1,0.0273972602739726,1,24,59,46,13,0,60,45,14,1,9,2,6,8,1,8,2,6,0,2.5,1.01694915254237,1.875,0.583333333333333,0.0416666666666667,0.15,0.0444444444444444,2,45,0.428571428571429,6,14,1,1,1,0.888888888888889,1,1,0,82,0,74,178,44,153,35,104,12,478,254,42,39,82,85,0.964705882352941,0,1,0,0.594594594594595,0.859550561797753,0.795454545454545,0.679738562091503,0.165354330708661,0.928571428571429
"Nampula","Angoche HR","2025Q2",1388,1331,1331,85,57,28,28,1,0.0210368144252442,1,28,52,39,13,0,61,45,16,0,8,0,8,8,0,8,0,8,0,2.17857142857143,1.17307692307692,1.60714285714286,0.571428571428571,0,0.131147540983607,0,0,45,0.5,8,16,0,0,0,1,0,1,0,74,0,65,100,56,55,40,41,20,762,23,18,12,74,85,0.870588235294118,0,0,0,0.861538461538462,0.55,0.714285714285714,0.745454545454545,0.782608695652174,0.666666666666667
"Nampula","Angoche HR","2025Q3",1630,1568,1568,87,62,25,24,1,0.0159438775510204,0.96,26,82,68,14,0,83,68,14,1,5,0,4,4,1,3,0,2,1,3.19230769230769,1.01219512195122,2.61538461538462,0.538461538461538,0.0384615384615385,0.0602409638554217,0,0,68,0.285714285714286,4,14,1,1,1,0.6,0,0.5,1,73,0,57,90,22,48,22,39,26,832,51,17,14,73,86,0.848837209302326,0,0,0,0.385964912280702,0.533333333333333,1,0.8125,0.333333333333333,0.823529411764706
"Nampula","Angoche HR","2025Q4",1081,1030,1030,80,51,29,28,1,0.0281553398058252,0.96551724137931,33,84,68,10,6,89,68,15,6,7,3,3,6,1,6,3,2,1,2.6969696969697,1.05952380952381,2.06060606060606,0.454545454545455,0.181818181818182,0.0786516853932584,0.0441176470588235,3,68,0.2,3,15,0.166666666666667,1,6,0.857142857142857,1,0.666666666666667,1,77,0,55,99,46,105,36,89,36,928,50,37,34,77,79,0.974683544303797,0,2,0,0.836363636363636,1.06060606060606,0.782608695652174,0.847619047619048,0.74,0.918918918918919
"Nampula","CS Mogovolas","2025Q1",1863,1805,1805,82,58,24,24,1,0.0132963988919668,1,30,67,58,9,0,67,58,9,0,6,1,5,6,0,6,1,5,0,2.23333333333333,1,1.93333333333333,0.3,0,0.0895522388059701,0.0172413793103448,1,58,0.555555555555556,5,9,0,0,0,1,1,1,0,82,0,20,74,38,111,32,95,11,573,17,17,12,82,82,1,0,4,0,1.9,1.5,0.842105263157895,0.855855855855856,1,0.705882352941177
"Nampula","CS Mogovolas","2025Q2",1458,1391,1391,92,67,25,25,1,0.0179726815240834,1,25,86,54,32,0,103,78,25,0,3,3,0,3,0,3,3,0,0,4.12,1.19767441860465,3.12,1,0,0.029126213592233,0.0384615384615385,3,78,0,0,25,0,0,0,1,1,0,0,72,0,4,3,2,3,1,3,7,591,2,5,3,72,92,0.782608695652174,0,0,0,0.5,1,0.5,1,2.5,0.6
"Nampula","CS Mogovolas","2025Q3",3431,3344,3344,121,87,34,33,1,0.0101674641148325,0.970588235294118,39,133,106,27,0,134,106,27,1,10,4,5,9,1,10,4,5,1,3.43589743589744,1.00751879699248,2.71794871794872,0.692307692307692,0.0256410256410256,0.0746268656716418,0.0377358490566038,4,106,0.185185185185185,5,27,1,1,1,1,1,1,1,121,1,22,223,41,178,25,165,28,943,56,16,11,121,121,1,1,1,1,1.86363636363636,0.798206278026906,0.609756097560976,0.926966292134832,0.285714285714286,0.6875
"Nampula","CS Mogovolas","2025Q4",3165,3076,3076,119,89,30,30,1,0.00975292587776333,1,44,105,74,25,6,105,74,25,6,11,1,8,9,2,11,1,8,2,2.38636363636364,1,1.68181818181818,0.568181818181818,0.136363636363636,0.104761904761905,0.0135135135135135,1,74,0.32,8,25,0.333333333333333,2,6,1,1,1,1,119,13,36,83,50,104,42,96,26,667,38,29,19,119,119,1,13,12,1.08333333333333,1.38888888888889,1.25301204819277,0.84,0.923076923076923,0.763157894736842,0.655172413793103
"Nampula","CS Monapo Rio","2025Q1",574,560,560,20,14,6,6,1,0.0107142857142857,1,7,17,15,2,0,17,15,2,0,2,0,2,2,0,2,0,2,0,2.42857142857143,1,2.14285714285714,0.285714285714286,0,0.117647058823529,0,0,15,1,2,2,0,0,0,1,0,1,0,20,1,9,51,10,25,7,22,5,208,8,19,19,20,20,1,1,1,1,1.11111111111111,0.490196078431373,0.7,0.88,2.375,1
"Nampula","CS Monapo Rio","2025Q2",29,27,27,4,2,2,2,1,0.0740740740740741,1,2,4,3,1,0,4,3,1,0,0,0,0,0,0,0,0,0,0,2,1,1.5,0.5,0,0,0,0,3,0,0,1,0,0,0,0,0,0,0,4,0,0,4,1,2,1,2,0,68,0,0,0,4,4,1,0,0,0,0,0.5,1,1,0,0
"Nampula","CS Monapo Rio","2025Q3",82,82,82,1,0,1,1,1,0.0121951219512195,1,2,4,3,1,0,4,1,3,0,0,0,0,0,0,0,0,0,0,2,1,0.5,1.5,0,0,0,0,1,0,0,3,0,0,0,0,0,0,0,1,1,2,17,0,0,0,0,0,13,2,2,0,1,1,1,1,1,1,0,0,0,0,1,0
"Nampula","CS Monapo Rio","2025Q4",665,654,654,15,11,4,4,1,0.00611620795107034,1,7,19,13,6,0,19,13,6,0,3,3,0,3,0,3,3,0,0,2.71428571428571,1,1.85714285714286,0.857142857142857,0,0.157894736842105,0.230769230769231,3,13,0,0,6,0,0,0,1,1,0,0,15,3,10,6,5,52,4,40,12,144,16,19,17,15,15,1,3,3,1,0.5,8.66666666666667,0.8,0.769230769230769,1.1875,0.894736842105263
"Nampula","CS Murrupula","2025Q1",1333,1285,1285,64,48,16,16,1,0.0124513618677043,1,21,80,70,9,1,81,71,9,1,3,2,1,3,0,3,2,1,0,3.85714285714286,1.0125,3.38095238095238,0.428571428571429,0.0476190476190476,0.037037037037037,0.028169014084507,2,71,0.111111111111111,1,9,0,0,1,1,1,1,0,63,0,29,35,38,48,38,47,5,501,11,9,8,63,64,0.984375,0,5,0,1.31034482758621,1.37142857142857,1,0.979166666666667,0.818181818181818,0.888888888888889
"Nampula","CS Murrupula","2025Q2",1264,1225,1225,57,39,18,18,1,0.0146938775510204,1,19,65,56,9,0,65,56,9,0,1,0,1,1,0,1,0,1,0,3.42105263157895,1,2.94736842105263,0.473684210526316,0,0.0153846153846154,0,0,56,0.111111111111111,1,9,0,0,0,1,0,1,0,53,1,22,64,30,35,26,33,10,513,8,6,4,53,57,0.929824561403509,1,1,1,1.36363636363636,0.546875,0.866666666666667,0.942857142857143,0.75,0.666666666666667
"Nampula","CS Murrupula","2025Q3",1579,1536,1536,62,43,19,19,1,0.0123697916666667,1,19,63,56,7,0,63,56,7,0,3,2,1,3,0,2,2,0,0,3.31578947368421,1,2.94736842105263,0.368421052631579,0,0.0476190476190476,0.0357142857142857,2,56,0.142857142857143,1,7,0,0,0,0.666666666666667,1,0,0,62,0,17,78,24,61,23,59,5,532,18,11,9,62,62,1,0,0,0,1.41176470588235,0.782051282051282,0.958333333333333,0.967213114754098,0.611111111111111,0.818181818181818
"Nampula","CS Murrupula","2025Q4",1425,1376,1376,64,49,15,15,1,0.0109011627906977,1,17,54,52,2,0,55,53,2,0,3,3,0,3,0,3,3,0,0,3.23529411764706,1.01851851851852,3.11764705882353,0.117647058823529,0,0.0545454545454545,0.0566037735849057,3,53,0,0,2,0,0,0,1,1,0,0,66,0,29,52,32,45,28,42,9,510,21,16,10,66,64,1.03125,0,2,0,1.10344827586207,0.865384615384615,0.875,0.933333333333333,0.761904761904762,0.625
"Nampula","HD Moma","2025Q1",785,707,707,93,78,15,15,1,0.0212164073550212,1,15,115,97,18,0,116,98,18,0,7,2,3,5,2,7,2,3,2,7.73333333333333,1.00869565217391,6.53333333333333,1.2,0,0.0603448275862069,0.0204081632653061,2,98,0.166666666666667,3,18,0,2,0,1,1,1,1,103,0,44,127,76,110,73,108,11,825,43,21,19,103,93,1.10752688172043,0,0,0,1.72727272727273,0.866141732283465,0.960526315789474,0.981818181818182,0.488372093023256,0.904761904761905
"Nampula","HD Moma","2025Q2",903,803,803,128,100,28,28,1,0.0348692403486924,1,28,87,77,9,1,137,120,16,1,5,2,2,4,1,5,2,2,1,4.89285714285714,1.57471264367816,4.28571428571429,0.571428571428571,0.0357142857142857,0.0364963503649635,0.0166666666666667,2,120,0.125,2,16,1,1,1,1,1,1,1,111,0,56,111,64,87,62,81,11,833,11,7,6,111,128,0.8671875,0,0,0,1.14285714285714,0.783783783783784,0.96875,0.931034482758621,0.636363636363636,0.857142857142857
"Nampula","HD Moma","2025Q3",2083,1972,1972,138,111,27,27,1,0.0136916835699797,1,32,145,117,27,1,146,117,28,1,8,3,4,7,1,8,3,4,1,4.5625,1.00689655172414,3.65625,0.875,0.03125,0.0547945205479452,0.0256410256410256,3,117,0.142857142857143,4,28,1,1,1,1,1,1,1,138,5,79,146,69,159,63,153,35,889,48,20,18,138,138,1,5,4,1.25,0.873417721518987,1.08904109589041,0.91304347826087,0.962264150943396,0.416666666666667,0.9
"Nampula","HD Moma","2025Q4",1704,1621,1621,109,83,26,26,1,0.0160394818013572,1,31,103,89,14,0,103,89,14,0,2,1,1,2,0,2,1,1,0,3.32258064516129,1,2.87096774193548,0.451612903225806,0,0.0194174757281553,0.0112359550561798,1,89,0.0714285714285714,1,14,0,0,0,1,1,1,0,107,1,57,121,80,177,66,149,11,829,76,36,33,107,109,0.981651376146789,1,3,0.333333333333333,1.40350877192982,1.46280991735537,0.825,0.84180790960452,0.473684210526316,0.916666666666667
"Nampula","HG Marrere","2025Q1",884,829,829,66,55,11,11,1,0.0132689987937274,1,14,64,59,5,0,67,60,7,0,4,1,3,4,0,4,1,3,0,4.78571428571429,1.046875,4.28571428571429,0.5,0,0.0597014925373134,0.0166666666666667,1,60,0.428571428571429,3,7,0,0,0,1,1,1,0,66,0,73,84,55,78,42,70,15,1259,47,46,42,66,66,1,0,2,0,0.753424657534247,0.928571428571429,0.763636363636364,0.897435897435897,0.978723404255319,0.91304347826087
"Nampula","HG Marrere","2025Q2",902,848,848,71,54,17,17,1,0.0200471698113208,1,21,71,66,5,0,72,66,6,0,4,1,3,4,0,4,1,3,0,3.42857142857143,1.01408450704225,3.14285714285714,0.285714285714286,0,0.0555555555555556,0.0151515151515152,1,66,0.5,3,6,0,0,0,1,1,1,0,61,0,55,93,53,72,45,59,4,673,32,44,38,61,71,0.859154929577465,0,4,0,0.963636363636364,0.774193548387097,0.849056603773585,0.819444444444444,1.375,0.863636363636364
"Nampula","HG Marrere","2025Q3",1023,958,958,84,65,19,19,1,0.0198329853862213,1,20,65,56,9,0,65,56,9,0,2,0,2,2,0,2,0,2,0,3.25,1,2.8,0.45,0,0.0307692307692308,0,0,56,0.222222222222222,2,9,0,0,0,1,0,1,0,84,1,88,178,84,156,70,135,19,694,45,59,51,84,84,1,1,1,1,0.954545454545455,0.876404494382023,0.833333333333333,0.865384615384615,1.31111111111111,0.864406779661017
"Nampula","HG Marrere","2025Q4",1178,1127,1127,69,51,18,19,1,0.0159716060337178,1.05555555555556,24,80,72,7,1,80,72,7,1,2,1,1,2,0,2,1,1,0,3.33333333333333,1,3,0.291666666666667,0.0416666666666667,0.025,0.0138888888888889,1,72,0.142857142857143,1,7,0,0,1,1,1,1,0,70,1,71,118,73,94,63,83,9,682,50,49,44,70,70,1,1,5,0.2,1.02816901408451,0.796610169491525,0.863013698630137,0.882978723404255,0.98,0.897959183673469
"Nampula","Hospital Psiquiatrico","2025Q1",1449,1363,1363,160,86,74,74,1,0.0542920029347029,1,74,110,102,8,0,110,102,8,0,5,4,1,5,0,5,4,1,0,1.48648648648649,1,1.37837837837838,0.108108108108108,0,0.0454545454545455,0.0392156862745098,4,102,0.125,1,8,0,0,0,1,1,1,0,162,0,20,80,92,116,87,111,12,1357,26,55,47,162,160,1.0125,0,0,0,4.6,1.45,0.945652173913043,0.956896551724138,2.11538461538462,0.854545454545454
"Nampula","Hospital Psiquiatrico","2025Q2",1439,1383,1383,105,56,49,49,1,0.0354302241503977,1,49,110,100,10,0,110,100,10,0,3,2,1,3,0,3,2,1,0,2.24489795918367,1,2.04081632653061,0.204081632653061,0,0.0272727272727273,0.02,2,100,0.1,1,10,0,0,0,1,1,1,0,94,0,21,23,45,69,43,62,11,799,26,27,23,94,105,0.895238095238095,0,0,0,2.14285714285714,3,0.955555555555556,0.898550724637681,1.03846153846154,0.851851851851852
"Nampula","Hospital Psiquiatrico","2025Q3",2040,1960,1960,132,80,52,52,1,0.026530612244898,1,52,138,122,16,0,138,126,12,0,4,3,1,4,0,4,3,1,0,2.65384615384615,1,2.42307692307692,0.230769230769231,0,0.0289855072463768,0.0238095238095238,3,126,0.0833333333333333,1,12,0,0,0,1,1,1,0,132,0,40,113,90,107,86,102,20,700,75,34,30,132,132,1,0,0,0,2.25,0.946902654867257,0.955555555555556,0.953271028037383,0.453333333333333,0.882352941176471
"Nampula","Hospital Psiquiatrico","2025Q4",1809,1741,1741,110,68,42,42,1,0.0241240666283745,1,42,119,105,14,0,119,105,14,0,4,1,3,4,0,4,1,3,0,2.83333333333333,1,2.5,0.333333333333333,0,0.0336134453781513,0.00952380952380952,1,105,0.214285714285714,3,14,0,0,0,1,1,1,0,110,0,50,125,77,123,75,121,16,737,40,85,81,110,110,1,0,0,0,1.54,0.984,0.974025974025974,0.983739837398374,2.125,0.952941176470588
"Nampula","Muhala PS","2025Q1",2361,2253,2253,166,108,58,58,1,0.0257434531735464,1,60,172,160,12,0,172,160,12,0,3,2,1,3,0,3,2,1,0,2.86666666666667,1,2.66666666666667,0.2,0,0.0174418604651163,0.0125,2,160,0.0833333333333333,1,12,0,0,0,1,1,1,0,166,0,21,215,68,230,65,227,21,1071,44,42,39,166,166,1,0,2,0,3.23809523809524,1.06976744186047,0.955882352941177,0.98695652173913,0.954545454545455,0.928571428571429
"Nampula","Muhala PS","2025Q2",2255,2144,2144,185,111,74,74,1,0.0345149253731343,1,76,161,151,10,0,161,151,10,0,7,3,4,7,0,7,3,4,0,2.11842105263158,1,1.98684210526316,0.131578947368421,0,0.0434782608695652,0.0198675496688742,3,151,0.4,4,10,0,0,0,1,1,1,0,155,0,18,167,96,150,93,148,21,1018,41,50,47,155,185,0.837837837837838,0,2,0,5.33333333333333,0.898203592814371,0.96875,0.986666666666667,1.21951219512195,0.94
"Nampula","Muhala PS","2025Q3",2712,2586,2586,184,126,58,58,1,0.0224284609435422,1,62,184,155,29,0,186,155,29,2,5,1,2,3,2,5,1,2,2,3,1.01086956521739,2.5,0.467741935483871,0.032258064516129,0.0268817204301075,0.00645161290322581,1,155,0.0689655172413793,2,29,1,2,2,1,1,1,1,184,4,44,345,112,304,109,301,33,1101,64,71,68,184,184,1,4,4,1,2.54545454545455,0.881159420289855,0.973214285714286,0.990131578947368,1.109375,0.957746478873239
"Nampula","Muhala PS","2025Q4",2631,2499,2499,173,132,41,41,1,0.01640656262505,1,46,158,148,9,1,161,149,11,1,13,5,5,10,3,13,5,5,3,3.5,1.01898734177215,3.23913043478261,0.239130434782609,0.0217391304347826,0.0807453416149068,0.0335570469798658,5,149,0.454545454545455,5,11,3,3,1,1,1,1,1,173,0,25,245,119,368,116,365,24,1047,56,53,49,173,173,1,0,5,0,4.76,1.50204081632653,0.974789915966387,0.991847826086957,0.946428571428571,0.924528301886792
"Nampula","Nacala Porto CS","2025Q1",1236,1163,1163,104,73,31,31,1,0.0266552020636285,1,35,104,89,15,0,104,89,15,0,2,1,1,2,0,1,0,1,0,2.97142857142857,1,2.54285714285714,0.428571428571429,0,0.0192307692307692,0.0112359550561798,1,89,0.0666666666666667,1,15,0,0,0,0.5,0,1,0,104,4,61,146,73,109,66,105,9,596,54,35,25,104,104,1,4,4,1,1.19672131147541,0.746575342465753,0.904109589041096,0.963302752293578,0.648148148148148,0.714285714285714
"Nampula","Nacala Porto CS","2025Q2",1421,1327,1327,138,94,44,44,1,0.0331574981160512,1,45,88,78,10,0,104,89,15,0,1,0,1,1,0,1,0,1,0,2.31111111111111,1.18181818181818,1.97777777777778,0.333333333333333,0,0.00961538461538462,0,0,89,0.0666666666666667,1,15,0,0,0,1,0,1,0,117,1,80,132,47,123,42,122,8,576,26,43,38,117,138,0.847826086956522,1,0,0,0.5875,0.931818181818182,0.893617021276596,0.991869918699187,1.65384615384615,0.883720930232558
"Nampula","Nacala Porto CS","2025Q3",1343,1269,1269,105,74,31,31,1,0.0244286840031521,1,41,117,102,15,0,117,102,15,0,6,3,3,6,0,5,2,3,0,2.85365853658537,1,2.48780487804878,0.365853658536585,0,0.0512820512820513,0.0294117647058824,3,102,0.2,3,15,0,0,0,0.833333333333333,0.666666666666667,1,0,105,8,52,242,62,204,57,199,15,576,41,29,20,105,105,1,8,9,0.888888888888889,1.19230769230769,0.84297520661157,0.919354838709677,0.975490196078431,0.707317073170732,0.689655172413793
"Nampula","Nacala Porto CS","2025Q4",1026,946,946,111,80,31,31,1,0.03276955602537,1,37,103,96,6,1,106,97,8,1,9,4,4,8,1,8,3,4,1,2.86486486486486,1.02912621359223,2.62162162162162,0.216216216216216,0.027027027027027,0.0849056603773585,0.0412371134020619,4,97,0.5,4,8,1,1,1,0.888888888888889,0.75,1,1,112,4,76,157,89,138,77,137,22,565,27,34,24,112,111,1.00900900900901,4,6,0.666666666666667,1.17105263157895,0.878980891719745,0.865168539325843,0.992753623188406,1.25925925925926,0.705882352941177
"Nampula","Namapa HR","2025Q1",1413,1324,1324,105,89,16,16,1,0.0120845921450151,1,17,122,119,3,0,124,119,5,0,3,0,2,2,1,3,0,2,1,7.29411764705882,1.01639344262295,7,0.294117647058824,0,0.0241935483870968,0,0,119,0.4,2,5,0,1,0,1,0,1,1,105,0,7,82,43,99,38,97,7,297,28,29,22,105,105,1,0,1,0,6.14285714285714,1.20731707317073,0.883720930232558,0.97979797979798,1.03571428571429,0.758620689655172
"Nampula","Namapa HR","2025Q2",896,862,862,38,34,4,4,1,0.00464037122969838,1,5,43,23,20,0,43,23,20,0,0,0,0,0,0,0,0,0,0,8.6,1,4.6,4,0,0,0,0,23,0,0,20,0,0,0,0,0,0,0,38,0,0,0,0,5,0,5,0,48,0,0,0,38,38,1,0,1,0,0,0,0,1,0,0
"Nampula","Namapa HR","2025Q3",2626,2528,2528,115,98,17,17,1,0.0067246835443038,1,21,121,63,58,0,121,63,58,0,0,0,0,0,0,0,0,0,0,5.76190476190476,1,3,2.76190476190476,0,0,0,0,63,0,0,58,0,0,0,0,0,0,0,115,4,30,97,3,15,2,15,9,221,77,13,9,115,115,1,4,4,1,0.1,0.154639175257732,0.666666666666667,1,0.168831168831169,0.692307692307692
"Nampula","Namapa HR","2025Q4",1999,1894,1894,112,105,7,7,1,0.00369588173178458,1,14,116,92,24,0,116,92,24,0,6,1,5,6,0,6,1,5,0,8.28571428571429,1,6.57142857142857,1.71428571428571,0,0.0517241379310345,0.0108695652173913,1,92,0.208333333333333,5,24,0,0,0,1,1,1,0,112,7,40,69,65,135,56,120,15,298,20,72,58,112,112,1,7,7,1,1.625,1.95652173913043,0.861538461538462,0.888888888888889,3.6,0.805555555555556
"Nampula","Namialo CS","2025Q1",1525,1443,1443,114,82,32,32,1,0.0221760221760222,1,39,97,83,13,1,98,83,14,1,7,4,3,7,0,7,4,3,0,2.51282051282051,1.01030927835052,2.12820512820513,0.358974358974359,0.0256410256410256,0.0714285714285714,0.0481927710843374,4,83,0.214285714285714,3,14,0,0,1,1,1,1,0,114,5,94,180,87,161,82,146,17,649,56,37,32,114,114,1,5,7,0.714285714285714,0.925531914893617,0.894444444444444,0.942528735632184,0.906832298136646,0.660714285714286,0.864864864864865
"Nampula","Namialo CS","2025Q2",1363,1277,1277,117,86,31,31,1,0.024275646045419,1,33,109,96,13,0,109,96,13,0,4,2,2,4,0,3,1,2,0,3.3030303030303,1,2.90909090909091,0.393939393939394,0,0.036697247706422,0.0208333333333333,2,96,0.153846153846154,2,13,0,0,0,0.75,0.5,1,0,83,2,65,99,71,107,57,99,9,665,37,46,40,83,117,0.709401709401709,2,2,1,1.09230769230769,1.08080808080808,0.802816901408451,0.925233644859813,1.24324324324324,0.869565217391304
"Nampula","Namialo CS","2025Q3",1973,1909,1909,101,64,37,37,1,0.0193818753273965,1,40,113,86,27,0,111,86,25,0,2,1,1,2,0,1,1,0,0,2.775,0.982300884955752,2.15,0.625,0,0.018018018018018,0.0116279069767442,1,86,0.04,1,25,0,0,0,0.5,1,0,0,101,0,75,175,69,144,65,114,8,561,43,50,44,101,101,1,0,3,0,0.92,0.822857142857143,0.942028985507246,0.791666666666667,1.16279069767442,0.88
"Nampula","Namialo CS","2025Q4",1450,1383,1383,86,67,19,19,1,0.0137382501807664,1,26,117,93,20,4,117,93,20,4,7,1,4,5,2,7,1,4,2,4.5,1,3.57692307692308,0.769230769230769,0.153846153846154,0.0598290598290598,0.010752688172043,1,93,0.2,4,20,0.5,2,4,1,1,1,1,86,1,65,174,67,181,40,155,15,570,51,39,37,86,86,1,1,7,0.142857142857143,1.03076923076923,1.04022988505747,0.597014925373134,0.856353591160221,0.764705882352941,0.948717948717949
"Nampula","Namicopo PS","2025Q1",830,784,784,56,46,10,10,1,0.0127551020408163,1,11,61,59,2,0,61,59,2,0,1,0,1,1,0,1,0,1,0,5.54545454545455,1,5.36363636363636,0.181818181818182,0,0.0163934426229508,0,0,59,0.5,1,2,0,0,0,1,0,1,0,57,0,9,110,45,106,44,102,6,610,28,36,32,57,56,1.01785714285714,0,1,0,5,0.963636363636364,0.977777777777778,0.962264150943396,1.28571428571429,0.888888888888889
"Nampula","Namicopo PS","2025Q4",712,684,684,42,28,14,14,1,0.0204678362573099,1,25,12,2,8,2,14,2,10,2,0,0,0,0,0,0,0,0,0,0.56,1.16666666666667,0.08,0.4,0.08,0,0,0,2,0,0,10,0,0,2,0,0,0,0,42,6,0,0,4,0,3,0,42,19,4,4,3,42,42,1,6,11,0.545454545454545,0,0,0.75,0,1,0.75
"Zambezia","16 de Junho CS I","2025Q1",248,233,233,17,15,2,2,1,0.00858369098712446,1,2,29,27,2,0,28,28,0,0,0,0,0,0,0,0,0,0,0,14,0.96551724137931,14,0,0,0,0,0,28,0,0,0,0,0,0,0,0,0,0,17,0,23,79,23,85,21,82,1,195,42,7,47,17,17,1,0,0,0,1,1.07594936708861,0.91304347826087,0.964705882352941,0.166666666666667,6.71428571428571
"Zambezia","16 de Junho CS I","2025Q2",273,247,247,35,26,9,10,1,0.0364372469635627,1.11111111111111,9,29,14,15,0,19,19,0,0,0,0,0,0,0,0,0,0,0,2.11111111111111,0.655172413793103,2.11111111111111,0,0,0,0,0,19,0,0,0,0,0,0,0,0,0,0,37,0,32,61,15,45,15,45,2,187,8,5,5,37,36,1.02777777777778,0,0,0,0.46875,0.737704918032787,1,1,0.625,1
"Zambezia","16 de Junho CS I","2025Q3",275,257,257,27,18,9,9,1,0.0350194552529183,1,10,34,34,0,0,33,33,0,0,0,0,0,0,0,0,0,0,0,3.3,0.970588235294118,3.3,0,0,0,0,0,33,0,0,0,0,0,0,0,0,0,0,29,1,21,87,22,56,21,56,4,193,23,8,7,29,27,1.07407407407407,1,1,1,1.04761904761905,0.64367816091954,0.954545454545455,1,0.347826086956522,0.875
"Zambezia","16 de Junho CS I","2025Q4",275,250,250,32,25,7,7,1,0.028,1,7,23,14,9,0,15,14,1,0,0,0,0,0,0,0,0,0,0,2.14285714285714,0.652173913043478,2,0.142857142857143,0,0,0,0,14,0,0,1,0,0,0,0,0,0,0,32,0,36,65,17,56,15,53,2,198,16,21,18,32,32,1,0,0,0,0.472222222222222,0.861538461538462,0.882352941176471,0.946428571428571,1.3125,0.857142857142857
"Zambezia","Licuare CS III","2025Q1",652,554,554,112,98,14,14,1,0.0252707581227437,1,15,111,99,12,0,109,97,12,0,5,2,3,5,0,5,2,3,0,7.26666666666667,0.981981981981982,6.46666666666667,0.8,0,0.0458715596330275,0.0206185567010309,2,97,0.25,3,12,0,0,0,1,1,1,0,112,0,74,201,107,149,99,141,22,630,47,38,34,112,112,1,0,1,0,1.44594594594595,0.741293532338308,0.925233644859813,0.946308724832215,0.808510638297872,0.894736842105263
"Zambezia","Licuare CS III","2025Q2",648,559,559,108,89,19,19,1,0.0339892665474061,1,19,79,74,5,0,95,90,5,0,0,0,0,0,0,0,0,0,0,5,1.20253164556962,4.73684210526316,0.263157894736842,0,0,0,0,90,0,0,5,0,0,0,0,0,0,0,98,0,69,95,53,141,49,131,1,638,23,27,24,98,108,0.907407407407407,0,0,0,0.768115942028985,1.48421052631579,0.924528301886792,0.929078014184397,1.17391304347826,0.888888888888889
"Zambezia","Licuare CS III","2025Q3",753,655,655,114,98,16,16,1,0.0244274809160305,1,19,97,93,4,0,97,93,4,0,2,2,0,2,0,1,1,0,0,5.10526315789474,1,4.89473684210526,0.210526315789474,0,0.0206185567010309,0.021505376344086,2,93,0,0,4,0,0,0,0.5,0.5,0,0,117,3,104,186,105,128,98,121,13,640,39,30,25,117,114,1.02631578947368,3,3,1,1.00961538461538,0.688172043010753,0.933333333333333,0.9453125,0.769230769230769,0.833333333333333
"Zambezia","Licuare CS III","2025Q4",644,554,554,106,90,16,16,1,0.0288808664259928,1,18,111,102,9,0,111,102,9,0,8,6,2,8,0,8,6,2,0,6.16666666666667,1,5.66666666666667,0.5,0,0.0720720720720721,0.0588235294117647,6,102,0.222222222222222,2,9,0,0,0,1,1,1,0,107,1,71,133,63,140,59,137,13,633,34,36,36,107,106,1.00943396226415,1,1,1,0.887323943661972,1.05263157894737,0.936507936507937,0.978571428571429,1.05882352941176,1
"Zambezia","Milange CSURB","2025Q1",1637,1530,1530,131,107,24,25,1,0.0156862745098039,1.04166666666667,33,151,141,10,0,151,141,10,0,3,0,3,3,0,3,0,3,0,4.57575757575758,1,4.27272727272727,0.303030303030303,0,0.0198675496688742,0,0,141,0.3,3,10,0,0,0,1,0,1,0,131,9,115,196,121,181,112,169,12,455,22,38,38,131,132,0.992424242424242,9,3,3,1.05217391304348,0.923469387755102,0.925619834710744,0.933701657458563,1.72727272727273,1
"Zambezia","Milange CSURB","2025Q2",2093,1989,1989,126,104,22,22,1,0.0110608345902464,1,28,118,109,9,0,145,134,11,0,4,1,3,4,0,4,1,3,0,5.17857142857143,1.22881355932203,4.78571428571429,0.392857142857143,0,0.0275862068965517,0.00746268656716418,1,134,0.272727272727273,3,11,0,0,0,1,1,1,0,118,5,105,145,108,130,102,122,9,463,12,17,17,118,126,0.936507936507937,5,6,0.833333333333333,1.02857142857143,0.896551724137931,0.944444444444444,0.938461538461538,1.41666666666667,1
"Zambezia","Milange CSURB","2025Q3",1747,1652,1652,128,95,33,33,1,0.0199757869249395,1,41,141,132,8,1,140,132,8,0,5,2,3,5,0,5,2,3,0,3.41463414634146,0.99290780141844,3.21951219512195,0.195121951219512,0,0.0357142857142857,0.0151515151515152,2,132,0.375,3,8,0,0,0,1,1,1,0,129,2,114,158,144,141,135,132,10,467,39,45,45,129,128,1.0078125,2,5,0.4,1.26315789473684,0.892405063291139,0.9375,0.936170212765957,1.15384615384615,1
"Zambezia","Milange CSURB","2025Q4",1174,1077,1077,113,97,16,17,1,0.0148560817084494,1.0625,26,146,134,11,1,142,134,7,1,1,0,0,0,1,1,0,0,1,5.46153846153846,0.972602739726027,5.15384615384615,0.269230769230769,0.0384615384615385,0.00704225352112676,0,0,134,0,0,7,1,1,1,1,0,0,1,113,9,112,164,126,143,117,136,8,764,20,25,24,113,114,0.991228070175439,9,10,0.9,1.125,0.871951219512195,0.928571428571429,0.951048951048951,1.25,0.96
"Zambezia","Mocuba CSURB","2025Q1",503,418,418,102,85,17,17,1,0.0406698564593301,1,18,79,70,9,0,74,70,4,0,5,2,3,5,0,4,1,3,0,4.11111111111111,0.936708860759494,3.88888888888889,0.222222222222222,0,0.0675675675675676,0.0285714285714286,2,70,0.75,3,4,0,0,0,0.8,0.5,1,0,104,0,111,171,109,164,103,155,7,423,18,19,20,104,102,1.01960784313725,0,0,0,0.981981981981982,0.95906432748538,0.944954128440367,0.945121951219512,1.05555555555556,1.05263157894737
"Zambezia","Mocuba CSURB","2025Q2",567,482,482,98,85,13,13,1,0.0269709543568465,1,13,94,78,16,0,90,87,3,0,1,1,0,1,0,0,0,0,0,6.92307692307692,0.957446808510638,6.69230769230769,0.230769230769231,0,0.0111111111111111,0.0114942528735632,1,87,0,0,3,0,0,0,0,0,0,0,100,0,114,124,105,108,93,100,5,422,23,17,16,100,98,1.02040816326531,0,0,0,0.921052631578947,0.870967741935484,0.885714285714286,0.925925925925926,0.739130434782609,0.941176470588235
"Zambezia","Mocuba CSURB","2025Q3",627,551,551,92,76,16,17,1,0.029038112522686,1.0625,17,106,97,9,0,104,97,7,0,2,1,1,2,0,3,2,1,0,6.11764705882353,0.981132075471698,5.70588235294118,0.411764705882353,0,0.0192307692307692,0.0103092783505155,1,97,0.142857142857143,1,7,0,0,0,1.5,2,1,0,97,0,110,156,104,124,100,120,7,364,33,37,33,97,93,1.04301075268817,0,1,0,0.945454545454545,0.794871794871795,0.961538461538462,0.967741935483871,1.12121212121212,0.891891891891892
"Zambezia","Mocuba CSURB","2025Q4",594,514,514,93,80,13,14,1,0.0252918287937743,1.07692307692308,13,95,88,6,1,95,89,5,1,1,1,0,1,0,1,1,0,0,7.30769230769231,1,6.84615384615385,0.384615384615385,0.0769230769230769,0.0105263157894737,0.0112359550561798,1,89,0,0,5,0,0,1,1,1,0,0,96,0,109,138,100,124,98,123,7,358,28,34,27,96,94,1.02127659574468,0,0,0,0.917431192660551,0.898550724637681,0.98,0.991935483870968,1.21428571428571,0.794117647058823
"Zambezia","Mugeba CS III","2025Q1",940,894,894,56,46,10,10,1,0.0111856823266219,1,10,41,38,3,0,41,38,3,0,0,0,0,0,0,0,0,0,0,4.1,1,3.8,0.3,0,0,0,0,38,0,0,3,0,0,0,0,0,0,0,56,0,56,59,34,34,32,28,2,221,18,12,10,56,56,1,0,0,0,0.607142857142857,0.576271186440678,0.941176470588235,0.823529411764706,0.666666666666667,0.833333333333333
"Zambezia","Mugeba CS III","2025Q2",934,903,903,41,31,10,10,1,0.0110741971207087,1,10,33,30,3,0,36,33,3,0,0,0,0,0,0,0,0,0,0,3.6,1.09090909090909,3.3,0.3,0,0,0,0,33,0,0,3,0,0,0,0,0,0,0,40,0,40,52,31,5,20,5,2,261,13,11,9,40,41,0.975609756097561,0,0,0,0.775,0.0961538461538462,0.645161290322581,1,0.846153846153846,0.818181818181818
"Zambezia","Mugeba CS III","2025Q3",1020,983,983,44,37,7,7,1,0.00712105798575788,1,8,48,41,7,0,44,41,3,0,0,0,0,0,0,0,0,0,0,5.5,0.916666666666667,5.125,0.375,0,0,0,0,41,0,0,3,0,0,0,0,0,0,0,45,0,57,103,19,50,17,44,0,264,13,13,8,45,44,1.02272727272727,0,1,0,0.333333333333333,0.485436893203884,0.894736842105263,0.88,1,0.615384615384615
"Zambezia","Mugeba CS III","2025Q4",1056,1017,1017,45,39,6,6,1,0.00589970501474926,1,6,36,33,3,0,33,33,0,0,1,1,0,1,0,1,1,0,0,5.5,0.916666666666667,5.5,0,0,0.0303030303030303,0.0303030303030303,1,33,0,0,0,0,0,0,1,1,0,0,45,0,49,51,24,41,22,35,2,211,10,10,8,45,45,1,0,0,0,0.489795918367347,0.803921568627451,0.916666666666667,0.853658536585366,1,0.8
"Zambezia","Nicoadala CS II","2025Q1",1129,946,946,217,183,34,35,1,0.0359408033826638,1.02941176470588,35,174,159,15,0,279,159,15,105,4,0,2,2,2,2,0,2,0,7.97142857142857,1.60344827586207,4.54285714285714,0.428571428571429,3,0.014336917562724,0,0,159,0.133333333333333,2,15,0.019047619047619,2,105,0.5,0,1,0,217,1,188,217,154,232,146,226,11,1055,120,66,57,217,217,1,1,1,1,0.819148936170213,1.06912442396313,0.948051948051948,0.974137931034483,0.55,0.863636363636364
"Zambezia","Nicoadala CS II","2025Q2",1123,966,966,190,157,33,33,1,0.0341614906832298,1,39,152,140,12,0,170,154,16,0,4,1,3,4,0,4,1,3,0,4.35897435897436,1.11842105263158,3.94871794871795,0.41025641025641,0,0.0235294117647059,0.00649350649350649,1,154,0.1875,3,16,0,0,0,1,1,1,0,171,0,211,266,221,214,213,209,7,1028,71,99,92,171,190,0.9,0,6,0,1.04739336492891,0.804511278195489,0.963800904977376,0.976635514018692,1.3943661971831,0.929292929292929
"Zambezia","Nicoadala CS II","2025Q3",1525,1339,1339,219,186,33,33,1,0.0246452576549664,1,36,187,177,10,0,187,177,10,0,2,0,2,2,0,2,0,2,0,5.19444444444444,1,4.91666666666667,0.277777777777778,0,0.0106951871657754,0,0,177,0.2,2,10,0,0,0,1,0,1,0,231,3,221,285,201,252,192,243,22,1009,74,80,74,231,219,1.05479452054795,3,3,1,0.909502262443439,0.884210526315789,0.955223880597015,0.964285714285714,1.08108108108108,0.925
"Zambezia","Nicoadala CS II","2025Q4",1102,945,945,184,157,27,29,1,0.0285714285714286,1.07407407407407,30,202,191,9,2,202,191,9,2,2,2,0,2,0,2,2,0,0,6.73333333333333,1,6.36666666666667,0.3,0.0666666666666667,0.0099009900990099,0.0104712041884817,2,191,0,0,9,0,0,2,1,1,0,0,186,3,176,213,169,274,158,263,13,1005,71,47,43,186,186,1,3,3,1,0.960227272727273,1.28638497652582,0.93491124260355,0.95985401459854,0.661971830985915,0.914893617021277
"Zambezia","Pedreira HC","2025Q1",552,510,510,59,42,17,18,1,0.0333333333333333,1.05882352941176,18,36,35,1,0,36,35,1,0,0,0,0,0,0,0,0,0,0,2,1,1.94444444444444,0.0555555555555556,0,0,0,0,35,0,0,1,0,0,0,0,0,0,0,60,1,38,97,28,72,17,65,7,353,59,36,34,60,60,1,1,1,1,0.736842105263158,0.742268041237113,0.607142857142857,0.902777777777778,0.610169491525424,0.944444444444444
"Zambezia","Pedreira HC","2025Q2",652,608,608,58,44,14,14,1,0.0230263157894737,1,15,54,51,3,0,58,54,4,0,0,0,0,0,0,0,0,0,0,3.86666666666667,1.07407407407407,3.6,0.266666666666667,0,0,0,0,54,0,0,4,0,0,0,0,0,0,0,59,1,39,64,22,35,19,26,5,388,25,51,48,59,58,1.01724137931034,1,1,1,0.564102564102564,0.546875,0.863636363636364,0.742857142857143,2.04,0.941176470588235
"Zambezia","Pedreira HC","2025Q3",526,476,476,60,50,10,11,1,0.0210084033613445,1.1,12,51,46,5,0,51,46,5,0,1,0,1,1,0,1,0,1,0,4.25,1,3.83333333333333,0.416666666666667,0,0.0196078431372549,0,0,46,0.2,1,5,0,0,0,1,0,1,0,63,2,61,102,42,81,38,58,5,392,24,21,21,63,61,1.0327868852459,2,2,1,0.688524590163934,0.794117647058823,0.904761904761905,0.716049382716049,0.875,1
"Zambezia","Pedreira HC","2025Q4",589,528,528,70,61,9,9,1,0.0170454545454545,1,10,58,58,0,0,58,58,0,0,2,2,0,2,0,2,2,0,0,5.8,1,5.8,0,0,0.0344827586206897,0.0344827586206897,2,58,0,0,0,0,0,0,1,1,0,0,70,1,73,88,25,40,20,30,4,394,30,23,22,70,70,1,1,1,1,0.342465753424658,0.454545454545455,0.8,0.75,0.766666666666667,0.956521739130435
"Zambezia","Samora Machel CS","2025Q1",538,502,502,42,36,6,6,1,0.0119521912350598,1,6,41,34,7,0,36,33,3,0,1,0,1,1,0,1,0,1,0,6,0.878048780487805,5.5,0.5,0,0.0277777777777778,0,0,33,0.333333333333333,1,3,0,0,0,1,0,1,0,43,3,50,68,38,58,31,55,2,175,12,11,10,43,42,1.02380952380952,3,0,0,0.76,0.852941176470588,0.815789473684211,0.948275862068966,0.916666666666667,0.909090909090909
"Zambezia","Samora Machel CS","2025Q2",721,686,686,43,35,8,8,1,0.0116618075801749,1,8,55,34,4,17,55,34,4,17,0,0,0,0,0,0,0,0,0,6.875,1,4.25,0.5,2.125,0,0,0,34,0,0,4,0,0,17,0,0,0,0,43,1,45,65,23,22,20,20,1,170,8,14,11,43,43,1,1,0,0,0.511111111111111,0.338461538461538,0.869565217391304,0.909090909090909,1.75,0.785714285714286
"Zambezia","Samora Machel CS","2025Q3",724,689,689,42,35,7,7,1,0.0101596516690856,1,8,44,42,2,0,43,42,1,0,0,0,0,0,0,0,0,0,0,5.375,0.977272727272727,5.25,0.125,0,0,0,0,42,0,0,1,0,0,0,0,0,0,0,42,1,44,77,18,35,16,30,5,173,11,6,5,42,42,1,1,1,1,0.409090909090909,0.454545454545455,0.888888888888889,0.857142857142857,0.545454545454545,0.833333333333333
"Zambezia","Samora Machel CS","2025Q4",750,715,715,40,35,5,5,1,0.00699300699300699,1,5,46,43,3,0,46,44,2,0,0,0,0,0,0,0,0,0,0,9.2,1,8.8,0.4,0,0,0,0,44,0,0,2,0,0,0,0,0,0,0,40,2,63,60,31,49,30,45,8,179,13,8,7,40,40,1,2,2,1,0.492063492063492,0.816666666666667,0.967741935483871,0.918367346938776,0.615384615384615,0.875
